COURSE CODE,U23HI5CCT09
Q.No,Unit,Sub-Unit,Section,Marks,K-Level,CO,Question Type,Question,Option A,Option B,Option C,Option D,Answer Key,Image URL,Formula LaTeX,Assertion,Reason,Match Column A,Match Column B,Match Options
1,1,1.1,A,1,K1,CO1,MCQ,Who headed the Boundary Commission appointed in 1947 in the context of India’s partition?,Mountbatten,Radcliffe,James Bolt,Richardson,B,,,,,,,
2,1,1.2,A,1,K1,CO1,MCQ,Who was the Chairman of the Drafting Committee of the Constituent Assembly?,Jawaharlal Nehru,Sardar Vallabhbhai Patel,Dr. B. R. Ambedkar,Rajendra Prasad,C,,,,,,,
3,1,1.3,A,1,K1,CO1,MCQ,When did the Constitution of India come into force?,15 August 1947,26 January 1950,26 November 1949,1 January 1950,B,,,,,,,
4,1,1.4,A,1,K1,CO1,MCQ,Which princely state was integrated into India through Operation Polo in 1948?,Kashmir,Hyderabad,Travancore,Mysore,B,,,,,,,
5,1,1.5,A,1,K1,CO1,MCQ,Who was the first Chairman of the Planning Commission?,Dr. Rajendra Prasad,Jawaharlal Nehru,Gulzarilal Nanda,Lal Bahadur Shastri,B,,,,,,,
6,1,1.5,A,1,K1,CO1,MCQ,What was the primary objective of the First Five Year Plan (1951–1956)?,Industrial development,Agricultural development,Defence expansion,Privatization,B,,,,,,,
7,1,1.2,A,1,K1,CO1,MATCH,"Match the following persons in column A with their contributions in column B and choose the correct panel:
Column A                                             Column B
1. Dr. B.R. Ambedkar                          A. Planning Commission
2. Jawaharlal Nehru                              B. Integration of Princely States
3. Sardar Vallabhbhai Patel                  C. Drafting Committee Chairman
4. Dr. Rajendra Prasad                          D. President of Constituent Assembly
E. First Prime Minister","1C, 2E, 3B, 4D","1A, 2B, 3C, 4D","1D, 2E, 3A, 4B","1B, 2D, 3C, 4A",A,,,,,with their contributions in,"and choose the correct panel:
Column A                                             Column B
1. Dr. B.R. Ambedkar                          A. Planning Commission
2. Jawaharlal Nehru                              B. Integration of Princely States
3. Sardar Vallabhbhai Patel                  C. Drafting Committee Chairman
4. Dr. Rajendra Prasad                          D. President of Constituent Assembly
E. First Prime Minister","A: 1C, 2E, 3B, 4D | B: 1A, 2B, 3C, 4D | C: 1D, 2E, 3A, 4B | D: 1B, 2D, 3C, 4A"
8,1,1.4,A,1,K1,CO1,MATCH,"Match the following events in column A with their respective year in column B and choose the correct panel:
Column A                                    Column B
1. Partition of India                                     A. 1951
2. Adoption of Constitution                        B. 1947
3. Constitution Comes into Force               C. 1950
4. First Five Year Plan                                D. 1952
E. 1949","1B, 2E, 3C, 4A","1C, 2B, 3D, 4A","1A, 2E, 3B, 4D","1D, 2A, 3C, 4B",A,,,,,with their respective year in,"and choose the correct panel:
Column A                                    Column B
1. Partition of India                                     A. 1951
2. Adoption of Constitution                        B. 1947
3. Constitution Comes into Force               C. 1950
4. First Five Year Plan                                D. 1952
E. 1949","A: 1B, 2E, 3C, 4A | B: 1C, 2B, 3D, 4A | C: 1A, 2E, 3B, 4D | D: 1D, 2A, 3C, 4B"
9,1,1.1,A,1,K2,CO2,MCQ,Why was the Partition of India considered a major historical event?,It led to the creation of two independent nations,It abolished the Constitution,It ended democracy in India,It established military rule,A,,,,,,,
10,1,1.2,A,1,K2,CO2,MCQ,Why was the Constituent Assembly important for India?,It conducted general elections,It framed the Constitution of India,It established the Planning Commission,It divided princely states,B,,,,,,,
11,1,1.3,A,1,K2,CO2,MCQ,How did the Constitution strengthen Indian democracy?,By concentrating power in one person,By abolishing elections,By guaranteeing fundamental rights,By limiting citizenship,C,,,,,,,
12,1,1.4,A,1,K2,CO2,MCQ,Why was the integration of princely states necessary after Independence?,To increase British control,To achieve political unity,To divide the country further,To abolish Parliament,B,,,,,,,
13,1,1.5,A,1,K2,CO2,MCQ,Why was the Planning Commission established?,To guide economic development,To conduct elections,To frame foreign policy,To supervise the judiciary,A,,,,,,,
14,1,1.5,A,1,K2,CO2,MCQ,Why did the First Five Year Plan focus on agriculture?,To encourage imports,To overcome food shortages,To reduce irrigation facilities,To promote luxury goods,B,,,,,,,
15,1,1.1,A,1,K2,CO2,ASSERTION_REASON,Assertion: India was partitioned in 1947. | Reason: Pakistan was created as a separate nation for Muslims.,Assertion and reason are true statements and the reason is an adequate explanation for assertion.,Both assertion and reason are true statements and the reason is not an adequate explanation for assertion.,Assertion is a true statement and reason is a false statement.,Both assertion and reason are false statements.,A,,,India was partitioned in 1947.,Pakistan was created as a separate nation for Muslims.,,,
16,1,1.5,A,1,K2,CO2,ASSERTION_REASON,Assertion: The Planning Commission was established in 1950. | Reason: It was created to promote planned economic development.,Assertion and reason are true statements and the reason is an adequate explanation for assertion.,Both assertion and reason are true statements and the reason is not an adequate explanation for assertion.,Assertion is a true statement and reason is a false statement.,Both assertion and reason are false statements.,A,,,The Planning Commission was established in 1950.,It was created to promote planned economic development.,,,
17,1,1.1,A,1,K3,CO3,MCQ,"The Partition of India in 1947 created serious challenges to national unity. If you were advising the government at that time, which measure would you recommend to strengthen national integration?",Encourage communal divisions,Rehabilitation and displaced people,Suspend government administration,Delay the formation of a central government,B,,,,,,,
18,1,1.2,A,1,K3,CO3,MCQ,"If you were a member of the Constituent Assembly, which approach would you adopt to ensure that the Constitution reflected democratic values?",Restricting participation to a few leaders,Considering diverse opinions and interests,Adopting colonial laws without changes,Excluding minority groups from discussions,B,,,,,,,
19,1,1.4,A,1,K3,CO3,MCQ,"If you were responsible for integrating the princely states after Independence, which strategy would you adopt to strengthen India’s political unity?",Allowing each state to function independently,Integrating the states into a common national,Encouraging regional secession,Abolishing central authority,B,,,,,,,
20,1,1.5,A,1,K3,CO3,MCQ,"If you were a member of the Planning Commission in 1951, which priority would you recommend for the First Five Year Plan to address India’s immediate economic problems?",Agricultural development and irrigation,Luxury goods production,Military expansion only,Reduction of food production,A,,,,,,,
21,1,1.1,A,2,K1,CO1,VSA,In which year was India partitioned?,,,,,,,,,,,,
22,1,1.2,A,2,K1,CO1,VSA,Who was the President of the Drafting Committee of the Indian Constitution?,,,,,,,,,,,,
23,1,1.2,A,2,K1,CO1,VSA,What was the main purpose of the Constituent Assembly?,,,,,,,,,,,,
24,1,1.3,A,2,K1,CO1,VSA,When did the Constitution of India come into force?,,,,,,,,,,,,
25,1,1.4,A,2,K1,CO1,VSA,Who played the leading role in the integration of princely states?,,,,,,,,,,,,
26,1,1.4,A,2,K1,CO1,VSA,What was Operation Polo?,,,,,,,,,,,,
27,1,1.5,A,2,K1,CO1,VSA,In which year was the Planning Commission established?,,,,,,,,,,,,
28,1,1.5,A,2,K1,CO1,VSA,Which sector received priority in the Third Five Year Plan?,,,,,,,,,,,,
29,1,1.1,A,2,K3,CO3,VSA,"The Partition created challenges for national integration. Based on this experience, recommend one strategy for managing diversity in a multicultural society.",,,,,,,,,,,,
30,1,1.2,A,2,K3,CO3,VSA,"The Constituent Assembly included representatives from different regions and communities. Based on this experience, suggest one principle for inclusive decision-making in democratic institutions today.",,,,,,,,,,,,
31,1,1.3,A,2,K3,CO3,VSA,The Constitution established democratic governance in India. Identify one practice that strengthens constitutional values today.,,,,,,,,,,,,
32,1,1.4,A,2,K3,CO3,VSA,"The integration of princely states helped create a united India. Based on this event, suggest one approach for resolving regional disputes peacefully.",,,,,,,,,,,,
33,1,1.5,A,2,K3,CO3,VSA,The Planning Commission aimed at balanced economic development. Suggest one strategy that governments can adopt to reduce economic disparities today.,,,,,,,,,,,,
34,1,1.5,A,2,K3,CO3,VSA,"The First Five Year Plan prioritized agriculture. Based on this approach, propose one policy to strengthen food security in modern India.",,,,,,,,,,,,
35,1,1.1,A,2,K4,CO4,VSA,Analyze and mention one measure governments can adopt to manage humanitarian crises during large-scale migration and communal tensions.,,,,,,,,,,,,
36,1,1.2,A,2,K4,CO4,VSA,Assess and suggest one inclusive representation that contributes to effective constitution-making in democratic societies.,,,,,,,,,,,,
37,1,1.3,A,2,K4,CO4,VSA,Analyze one constitutional provision that helps to protect democracy in present India.,,,,,,,,,,,,
38,1,1.4,A,2,K4,CO4,VSA,Analyze and mention any two negotiations that can resolve political disputes.,,,,,,,,,,,,
39,1,1.1,B,5,K2,CO2,PARAGRAPH,Discuss the composition and significance of the Constituent Assembly in framing the Constitution of India.,,,,,,,,,,,,
40,1,1.4,B,5,K2,CO2,PARAGRAPH,Examine the significance of integrating princely states in nation building.,,,,,,,,,,,,
41,1,1.1,B,5,K3,CO3,PARAGRAPH,"Drawing lessons from the Partition of India, propose strategies for promoting communal harmony and preventing social conflicts in contemporary society.",,,,,,,,,,,,
42,1,1.3,B,5,K3,CO3,PARAGRAPH,"Applying the principles of the Indian Constitution, suggest measures to strengthen democratic values and protect citizens' rights in modern India.",,,,,,,,,,,,
43,1,1.5,B,5,K3,CO3,PARAGRAPH,"Using the objectives of the Planning Commission and Five Year Plans, recommend policies for achieving balanced and sustainable economic development in India.",,,,,,,,,,,,
44,1,1.2,B,5,K4,CO4,PARAGRAPH,"Analyses how the Constituent Assembly balanced diverse political, social, and regional interests while framing the Constitution of India.",,,,,,,,,,,,
45,1,1.4,B,5,K4,CO4,PARAGRAPH,Critically analyse the methods adopted for the integration of princely states and assess their contribution to political unity and nation-building.,,,,,,,,,,,,
46,1,1.5,B,5,K4,CO4,PARAGRAPH,Critically analyse the objectives and performance of the First Three Five Year Plans in addressing India's developmental challenges.,,,,,,,,,,,,
47,1,1.1,C,10,K2,CO2,ESSAY,Examine the causes and consequences of the Partition of India and discuss its impact on Indian society.,,,,,,,,,,,,
48,1,1.2,C,10,K2,CO2,ESSAY,Discuss the composition and significance of the Constituent Assembly in framing the Constitution of India.,,,,,,,,,,,,
49,1,1.3,C,10,K2,CO2,ESSAY,Illustrate the salient features of the Indian Constitution and give its importance in democratic governance with suitable example.,,,,,,,,,,,,
50,1,1.4,C,10,K2,CO2,ESSAY,Examine the process of integrating the princely states and evaluate its contribution to national unity.,,,,,,,,,,,,
51,1,1.5,C,10,K5,CO5,ESSAY,"The Planning Commission and Five-Year Plans aimed at balanced economic development. Evaluate the planning strategy that can reduce regional disparities in India today.
Unit -II",,,,,,,,,,,,
52,2,2.1,A,1,K1,CO1,MCQ,In which year did India become a Republic?,1947,1948,1950,1952,C,,,,,,,
53,2,2.2,A,1,K1,CO1,MCQ,When was the States Reorganisation Act passed?,1950,1953,1956,1960,C,,,,,,,
54,2,2.2,A,1,K1,CO1,MCQ,Which commission recommended the reorganization of states on a linguistic basis?,Sarkaria Commission,Mandal Commission,States Reorganisation Commission,Kothari Commission,C,,,,,,,
55,2,2.3,A,1,K1,CO1,MCQ,Who was the first chairman of the States Reorganisation Commission?,Fazl Ali,S. K. Dhar,J. V. P. Menon,K. M. Panikkar,A,,,,,,,
56,2,2.4,A,1,K1,CO1,MCQ,Who advocated the policy of Tribal Panchsheel for the development of tribal communities?,Verrier Elwin,Sardar Patel,B. R. Ambedkar,Jawaharlal Nehru,D,,,,,,,
57,2,2.5,A,1,K1,CO1,MCQ,Which of the following is an important cause of regional inequality in India?,Equal distribution of industries,Unequal distribution of resources,Uniform agricultural development,Equal infrastructure facilities,B,,,,,,,
58,2,2.3,A,1,K1,CO1,MATCH,"Match the following persons in column A with their contributions in column B and choose the correct panel:
Column A                             Column B
1. Potti Sriramulu                    A. States Reorganisation Commission
2. Fazl Ali                                B. Tribal Leader
3. Birsa Munda                        C. Andhra State Movement
4. Jawaharlal Nehru                 D. Regionalism
E. First Prime Minister","1A, 2B, 3C, 4D","1C, 2A, 3B, 4E","1D, 2C, 3A, 4E","1B, 2D, 3A, 4E",A,,,,,with their contributions in,"and choose the correct panel:
Column A                             Column B
1. Potti Sriramulu                    A. States Reorganisation Commission
2. Fazl Ali                                B. Tribal Leader
3. Birsa Munda                        C. Andhra State Movement
4. Jawaharlal Nehru                 D. Regionalism
E. First Prime Minister","A: 1A, 2B, 3C, 4D | B: 1C, 2A, 3B, 4E | C: 1D, 2C, 3A, 4E | D: 1B, 2D, 3A, 4E"
59,2,2.4,A,1,K1,CO1,MATCH,"Match the following events in column A with their corresponding years in column B and choose the correct panel:
Column A                               Column B
1. Andhra State Formation                   A. 1956
2. States Reorganisation Act                B. 1950
3. Constitution of India                         C. 1953
4. Nagaland Statehood                           D. 1963
E. 1966","1C, 2A, 3B, 4D","1A, 2C, 3D, 4B","1D, 2A, 3E, 4C","1B, 2D, 3A, 4E",A,,,,,with their corresponding years in,"and choose the correct panel:
Column A                               Column B
1. Andhra State Formation                   A. 1956
2. States Reorganisation Act                B. 1950
3. Constitution of India                         C. 1953
4. Nagaland Statehood                           D. 1963
E. 1966","A: 1C, 2A, 3B, 4D | B: 1A, 2C, 3D, 4B | C: 1D, 2A, 3E, 4C | D: 1B, 2D, 3A, 4E"
60,2,2.1,A,1,K2,CO2,MCQ,Why did India adopt a democratic system after Independence?,To ensure people's participation in governance,To establish military rule,To continue British administration,To abolish elections,A,,,,,,,
61,2,2.2,A,1,K2,CO2,MCQ,Why was national integration important in the early years after Independence?,To strengthen the unity,To encourage regional divisions,To restore colonial rule,To weaken democracy,A,,,,,,,
62,2,2.3,A,1,K2,CO2,MCQ,Why were states reorganized on a linguistic basis?,To accommodate linguistic identities,To reduce literacy,To increase foreign influence,To abolish state governments,A,,,,,,,
63,2,2.3,A,1,K2,CO2,MCQ,How did Potti Sriramulu influence state reorganization?,His sacrifice led to the creation of Andhra State,He opposed linguistic states,He supported British rule,He rejected regional demands,A,,,,,,,
64,2,2.4,A,1,K2,CO2,MCQ,Why were special constitutional provisions made for Scheduled Tribes?,To protect their social and economic interests,To encourage migration,To remove tribal identity,To abolish tribal areas,A,,,,,,,
65,2,2.5,A,1,K2,CO2,MCQ,How can regional inequality affect national unity?,It may create dissatisfaction among regions,It improves equality everywhere,It eliminates development gaps,It removes regional identities,A,,,,,,,
66,2,2.2,A,1,K2,CO2,ASSERTION_REASON,Assertion: Andhra State was created in 1953. | Reason: Potti Sriramulu's fast unto death intensified the demand for a separate Telugu-speaking state.,Assertion and reason are true statements and the reason is an adequate explanation for assertion.,Both assertion and reason are true statements and the reason is not an adequate explanation for assertion.,Assertion is a true statement and reason is a false statement.,Both assertion and reason are false statements.,A,,,Andhra State was created in 1953.,Potti Sriramulu's fast unto death intensified the demand for a separate Telugu-speaking state.,,,
67,2,2.5,A,1,K2,CO2,ASSERTION_REASON,Assertion: Regional inequality can lead to regionalism. | Reason: Uneven development among regions often creates dissatisfaction.,Assertion and reason are true statements and the reason is an adequate explanation for assertion.,Both assertion and reason are true statements and the reason is not an adequate explanation for assertion.,Assertion is a true statement and reason is a false statement.,Both assertion and reason are false statements.,,,,Regional inequality can lead to regionalism.,Uneven development among regions often creates dissatisfaction.,,,
68,2,2.1,A,1,K3,CO3,MCQ,If you were asked to suggest a policy that would promote unity among diverse communities. Which of the following will be applicable as it were the one after independence.,Encourage cultural exclusion and identity,Promote equal citizenship and national identity,Restrict regional participation and their identity,Abolish state governments and make it a nation,B,,,,,,,
69,2,2.3,A,1,K3,CO3,MCQ,Linguistic demands created challenges to national unity after Independence. Which approach would you apply to address these demands while maintaining the unity of India?,Ignore linguistic demands,Create states while preserving federal unity,Ban regional languages,Replace all state governments with central rule,B,,,,,,,
70,2,2.4,A,1,K3,CO3,MCQ,"If you were a policymaker responsible for the welfare of tribal communities after Independence, which measure would you recommend for their overall development?",Eliminating constitutional safeguards,Restricting access to welfare schemes,Improving education and economic opportunities,Encouraging displacement from tribal areas,C,,,,,,,
71,2,2.5,A,1,K3,CO3,MCQ,"If you were planning policies to reduce regional inequality in post-Independence India, which strategy would you consider most effective?",Promoting balanced regional development,Concentrating resources in developed regions,Ignoring backward regions,Reducing public investment,A,,,,,,,
72,2,2.1,A,2,K1,CO1,VSA,What is meant by national integration?,,,,,,,,,,,,
73,2,2.2,A,2,K1,CO1,VSA,"In which year was Andhra State formed?
Who sacrificed his life for the creation of Andhra State?",,,,,,,,,,,,
74,2,2.3,A,2,K1,CO1,VSA,"In which year was the States Reorganisation Act passed?
Who was the Chairman of the States Reorganisation Commission?",,,,,,,,,,,,
75,2,2.4,A,2,K1,CO1,VSA,"Which Article of the Constitution promotes the welfare of Scheduled Tribes?
State any one constitutional safeguard provided to Scheduled Tribes.",,,,,,,,,,,,
76,2,2.5,A,2,K1,CO1,VSA,Mention any one cause of regional inequality in India.,,,,,,,,,,,,
77,2,2.1,A,2,K3,CO3,VSA,India successfully consolidated itself as a nation despite diversity. Identify one principle that can promote unity amid differences.,,,,,,,,,,,,
78,2,2.2,A,2,K3,CO3,VSA,National integration was a major challenge after Independence. Suggest one measure to strengthen national unity in a diverse country.,,,,,,,,,,,,
79,2,2.3,A,2,K3,CO3,VSA,The linguistic reorganisation of states addressed regional aspirations. Suggest one method to balance regional identity with national unity.,,,,,,,,,,,,
80,2,2.3,A,2,K3,CO3,VSA,"The creation of linguistic states reduced several regional tensions. Based on this experience, propose one democratic way to address regional demands.",,,,,,,,,,,,
81,2,2.4,A,2,K3,CO3,VSA,Tribal integration was pursued without destroying tribal identity. Recommend one policy that can preserve indigenous cultures while promoting development.,,,,,,,,,,,,
82,2,2.5,A,2,K3,CO3,VSA,Regional inequality remains a challenge in India. Suggest one measure to ensure balanced states development.,,,,,,,,,,,,
83,2,2.1,A,2,K4,CO4,VSA,Analyse the role of constitutional safeguards in promoting social justice and write two ways in which they support inclusive development.,,,,,,,,,,,,
84,2,2.2,A,2,K4,CO4,VSA,Analyse the factors that supported nation-building during the Years of Hope and Achievement (1951–1964) and mention two important factors.,,,,,,,,,,,,
85,2,2.3,A,2,K4,CO4,VSA,Analyse the role of the J.P. Movement in strengthening democracy and write two contributions.,,,,,,,,,,,,
86,2,2.4,A,2,K4,CO4,VSA,Analyse the impact of the Green Revolution on Indian agriculture and write two major changes.,,,,,,,,,,,,
87,2,2.2,B,5,K2,CO2,PARAGRAPH,Discuss the linguistic reorganisation of states and evaluate its significance in strengthening Indian federalism.,,,,,,,,,,,,
88,2,2.5,B,5,K2,CO2,PARAGRAPH,Discuss the causes of regionalism and examine its impact on national integration in India.,,,,,,,,,,,,
89,2,2.1,B,5,K3,CO3,PARAGRAPH,"Drawing lessons from India's early efforts at national consolidation, propose measures to strengthen national integration in a ethnically diverse society.",,,,,,,,,,,,
90,2,2.3,B,5,K3,CO3,PARAGRAPH,"Using the experience of linguistic reorganisation of states, suggest ways to accommodate regional aspirations while preserving national unity.",,,,,,,,,,,,
91,2,2.4,B,5,K3,CO3,PARAGRAPH,"3 Based on policies adopted for tribal integration, recommend strategies to promote the development of tribal communities while preserving their cultural identity.",,,,,,,,,,,,
92,2,2.1,B,5,K4,CO4,PARAGRAPH,Analyse the major challenges faced by India in the years after Independence and the measures adopted to address them.,,,,,,,,,,,,
93,2,2.2,B,5,K4,CO4,PARAGRAPH,Analyse the significance of secularism in maintaining national unity and democratic governance in India.,,,,,,,,,,,,
94,2,2.4,B,5,K4,CO4,PARAGRAPH,Assess the effectiveness of tribal welfare policies in improving the socio-economic conditions of tribal communities.,,,,,,,,,,,,
95,2,2.1,C,10,K2,CO2,ESSAY,Explain the major challenges faced by India after Independence and discuss the measures adopted for national consolidation.,,,,,,,,,,,,
96,2,2.2,C,10,K2,CO2,ESSAY,Discuss the linguistic reorganisation of states and its significance in the development of Indian building.,,,,,,,,,,,,
97,2,2.3,C,10,K2,CO2,ESSAY,Examine the policies adopted by the Government of India for the integration integration and development of tribal communities after Independence.,,,,,,,,,,,,
98,2,2.4,C,10,K2,CO2,ESSAY,Discuss the causes of regionalism and regional inequality and explain their impact on Indian national integration.,,,,,,,,,,,,
99,2,2.5,C,10,K5,CO5,ESSAY,"Evaluate the causes and consequences of regionalism in post-independence India.
Unit-	III",,,,,,,,,,,,
100,3,3.1,A,1,K1,CO1,MCQ,Which economic model was largely followed during Nehru's period?,Capitalist Economy,Socialist Pattern of Society,Feudal Economy,Mercantilism,B,,,,,,,
101,3,3.2,A,1,K1,CO1,MCQ,In which year did Jawaharlal Nehru die?,1962,1963,1964,1965,C,,,,,,,
102,3,3.3,A,1,K1,CO1,MCQ,Which of the following policies was closely associated with Jawaharlal Nehru's foreign policy?,Colonialism,Non-Alignment,Imperialism,Isolationism,,,,,,,,
103,3,3.3,A,1,K1,CO1,MCQ,In which year was the Panchsheel Agreement signed?,1950,1952,1954,1956,C,,,,,,,
104,3,3.4,A,1,K1,CO1,MCQ,Which of the following principles formed the foundation of Jawaharlal Nehru's vision of nation-building in independent India?,Democracy and secularism,Monarchy and imperialism,Colonial administration,Military rule,A,,,,,,,
105,3,3.5,A,1,K1,CO1,MCQ,Name the political party that dominated Indian politics between 1947 and 1964.,Bharatiya Jana Sangh,Communist Party of India,Indian National Congress,Swatantra Party,C,,,,,,,
106,3,3.3,A,1,K1,CO1,MATCH,"Match the following political entities in column A with their corresponding identities in column B and choose the correct panel:
Column A                           Column B
1.  NAM                              A. Opposition Party
2. Panchsheel                     B. Regional Party
3. Congress Party                C. Non-Alignment
4. CPI                                  D. Ruling Party
E. Peaceful Coexistence","1D,2C,3B, 4A","1B,2E,3A,4D","1C, 2E ,3D, 4A","1E, 2D, 3A, 4C",C,,,,,with their corresponding identities in,"and choose the correct panel:
Column A                           Column B
1.  NAM                              A. Opposition Party
2. Panchsheel                     B. Regional Party
3. Congress Party                C. Non-Alignment
4. CPI                                  D. Ruling Party
E. Peaceful Coexistence","A: 1D,2C,3B, 4A | B: 1B,2E,3A,4D | C: 1C, 2E ,3D, 4A | D: 1E, 2D, 3A, 4C"
107,3,3.4,A,1,K1,CO1,MATCH,"Match the following rebellion in column A with their state in column B and choose the correct panel::
Column A                           Column B
1. Jawaharlal Nehru             A. Non-Aligned Movement
2. Tito                                       B. President of Egypt
3. Nasser                                   C. President of Yugoslavia
4. Sukarno                                 D. President of Indonesia
E. First Prime Minister of India","1E, 2C, 3B, 4D","1A, 2B, 3C, 4D","1D, 2E, 3A, 4B","1C, 2A, 3D, 4B",A,,,,,with their state in,"and choose the correct panel::
Column A                           Column B
1. Jawaharlal Nehru             A. Non-Aligned Movement
2. Tito                                       B. President of Egypt
3. Nasser                                   C. President of Yugoslavia
4. Sukarno                                 D. President of Indonesia
E. First Prime Minister of India","A: 1E, 2C, 3B, 4D | B: 1A, 2B, 3C, 4D | C: 1D, 2E, 3A, 4B | D: 1C, 2A, 3D, 4B"
108,3,3.1,A,1,K2,CO2,MCQ,Why is the period 1951–1964 known as the Nehru Era?,Nehru guided India's political and economic policies,India was under British rule,No elections were held,Parliament was dissolved,A,,,,,,,
109,3,3.2,A,1,K2,CO2,MCQ,How did Nehru contribute to modern India?,By abolishing elections,By promoting democratic institutions,By ending parliamentary government,By suspending the Constitution,B,,,,,,,
110,3,3.3,A,1,K2,CO2,MCQ,Why did India adopt the Non-Aligned Policy?,To avoid joining either Cold War bloc,To join NATO,To support colonialism,To establish military alliances,A,,,,,,,
111,3,3.4,A,1,K2,CO2,MCQ,How did Panchsheel influence international relations?,It promoted peaceful coexistence among nations,It encouraged military aggression,It expanded colonialism,It opposed diplomacy,A,,,,,,,
112,3,3.5,A,1,K2,CO2,MCQ,Why did the Congress dominate Indian politics after Independence?,It enjoyed widespread national support,It opposed democracy,It abolished elections,It had foreign backing only,A,,,,,,,
113,3,3.5,A,1,K2,CO2,MCQ,How did opposition parties contribute to democratic governance between 1947 and 1964?,By questioning government policies in legislatures,By replacing parliamentary democracy,By controlling the executive branch,By preventing elections,A,,,,,,,
114,3,3.2,A,1,K2,CO2,ASSERTION_REASON,Assertion: India adopted the policy of Non-Alignment during the Cold War. | Reason: India wanted to remain independent of both power blocs.,Assertion and reason are true statements and the reason is an adequate explanation for assertion.,Both assertion and reason are true statements and the reason is not an adequate explanation for assertion.,Assertion is a true statement and reason is a false statement.,Both assertion and reason are false statements.,A,,,India adopted the policy of Non-Alignment during the Cold War.,India wanted to remain independent of both power blocs.,,,
115,3,3.4,A,1,K2,CO2,ASSERTION_REASON,Assertion: Panchsheel emphasized peaceful coexistence among nations. | Reason: It promoted mutual respect for sovereignty and non-interference.,Assertion and reason are true statements and the reason is an adequate explanation for assertion.,Both assertion and reason are true statements and the reason is not an adequate explanation for assertion.,Assertion is a true statement and reason is a false statement.,Both assertion and reason are false statements.,C,,,Panchsheel emphasized peaceful coexistence among nations.,It promoted mutual respect for sovereignty and non-interference.,,,
116,3,3.1,A,1,K3,CO3,MCQ,"Nehru emphasized planned economic development after Independence. If you were applying this approach to India’s development, which policy would you choose?",Economic planning through Five Year Plans,Abandon all development programmes,Depend entirely on foreign aid,Eliminate public sector enterprises,A,,,,,,,
117,3,3.3,A,1,K3,CO3,MCQ,"During the Cold War, India followed the Non-Aligned Policy. As a country committed to this policy, which action would you adopt?",Join a military bloc immediately,Maintain autonomous relations with all nations,Support only one superpower,Withdraw from international affairs,B,,,,,,,
118,3,3.4,A,1,K3,CO3,MCQ,"Panchsheel emphasized peaceful coexistence among nations. If you were applying these principles in international relations, which diplomatic practice would you follow?",Respect the sovereignty of other nations,Interfere in the internal affairs of states,Promote territorial expansion,Encourage military aggression,A,,,,,,,
119,3,3.5,A,1,K3,CO3,MCQ,"Opposition parties are essential for maintaining democratic accountability. As a member of a democratic system, which contribution would you make through the opposition?",Question government policies,Eliminate elections,Suspend parliamentary debates,Replace democratic institutions,A,,,,,,,
120,3,3.1,A,2,K1,CO1,VSA,which period is  known as the Nehru Era?,,,,,,,,,,,,
121,3,3.2,A,2,K1,CO1,VSA,Name any one major contribution of Jawaharlal Nehru to modern India.,,,,,,,,,,,,
122,3,3.2,A,2,K1,CO1,VSA,What type of economy did Nehru advocate for India?,,,,,,,,,,,,
123,3,3.3,A,2,K1,CO1,VSA,What does NAM stand for?,,,,,,,,,,,,
124,3,3.3,A,2,K1,CO1,VSA,In which year was the Non-Aligned Movement formally established?,,,,,,,,,,,,
125,3,3.4,A,2,K1,CO1,VSA,Name the political party formed after the withdrawal of the Non-Cooperation Movement.,,,,,,,,,,,,
126,3,3.4,A,2,K1,CO1,VSA,Who were the leaders of the Swaraj Party?,,,,,,,,,,,,
127,3,3.5,A,2,K1,CO1,VSA,Name any one major opposition party during the Nehru era.,,,,,,,,,,,,
128,3,3.1,A,2,K3,CO3,VSA,Jawaharlal Nehru emphasized scientific and economic development. Suggest one policy that can encourage innovation in present-day India.,,,,,,,,,,,,
129,3,3.2,A,2,K3,CO3,VSA,Nehru promoted democratic institutions in independent India. Identify one practice that can strengthen democracy today.,,,,,,,,,,,,
130,3,3.3,A,2,K3,CO3,VSA,The Non-Aligned Movement enabled countries to maintain independent foreign policies. Suggest one principle that nations can adopt while dealing with major powers today.,,,,,,,,,,,,
131,3,3.3,A,2,K3,CO3,VSA,Panchsheel discouraged interference in the internal affairs of nations. Identify one way countries can maintain mutual respect in international relations.,,,,,,,,,,,,
132,3,3.4,A,2,K3,CO3,VSA,"Drawing lessons from the Nehru Era, suggest one method to combine protest politics with parliamentary engagement today.",,,,,,,,,,,,
133,3,3.5,A,2,K3,CO3,VSA,Opposition parties play a vital role in a democracy. Suggest one method through which opposition parties can strengthen democratic governance.,,,,,,,,,,,,
134,3,3.1,A,2,K4,CO4,VSA,Analyse the role of the Non-Aligned Movement in protecting the autonomy of newly independent nations and write two contributions.,,,,,,,,,,,,
135,3,3.2,A,2,K4,CO4,VSA,Assess the factors that supported nation-building during the Years of Hope and Achievement (1951–1964) and write two important factors.,,,,,,,,,,,,
136,3,3.3,A,2,K4,CO4,VSA,Analyse the features of India’s foreign policy under Jawaharlal Nehru and write two important features,,,,,,,,,,,,
137,3,3.5,A,2,K4,CO4,VSA,Analyse the reasons for the emergence of opposition parties in post-Independence India and write two major reasons.,,,,,,,,,,,,
138,3,3.1,B,5,K2,CO2,PARAGRAPH,Examine the major achievements of India during the Years of Hope and Achievement.,,,,,,,,,,,,
139,3,3.2,B,5,K2,CO2,PARAGRAPH,Discuss Jawaharlal Nehru’s role in shaping modern India and evaluate his contribution to nation-building.,,,,,,,,,,,,
140,3,3.3,B,5,K3,CO3,PARAGRAPH,"Drawing lessons from India’s foreign policy under Nehru, suggest strategies for strengthening diplomatic relations and international cooperation in the present global context.",,,,,,,,,,,,
141,3,3.4,B,5,K3,CO3,PARAGRAPH,"Using lessons from the institution-building efforts of the Nehru period, recommend strategies for strengthening democratic institutions in India today.",,,,,,,,,,,,
142,3,3.5,B,5,K3,CO3,PARAGRAPH,"If you were an Election Commission official today, what measures would you propose to strengthen democratic accountability in India, drawing on the role of opposition parties during 1947–1964?",,,,,,,,,,,,
143,3,3.3,B,5,K4,CO4,PARAGRAPH,Analyze contribution and the impacts of non-alignment on India's international relations.,,,,,,,,,,,,
144,3,3.4,B,5,K4,CO4,PARAGRAPH,Analyze how the Nehru Era contributed to the development of democratic governance and economic planning in India.,,,,,,,,,,,,
145,3,3.5,B,5,K4,CO4,PARAGRAPH,Anlyze the significance of political opposition in maintaining democratic accountability during the Nehru period.,,,,,,,,,,,,
146,3,3.1,C,10,K2,CO2,ESSAY,Explain the major achievements of India during the Years of Hope and Achievement (1951–1964) and their contribution to nation-building.,,,,,,,,,,,,
147,3,3.2,C,10,K2,CO2,ESSAY,Discuss Jawaharlal Nehru’s role in shaping modern India and examine his contribution to political and economic development.,,,,,,,,,,,,
148,3,3.3,C,10,K2,CO2,ESSAY,Examine the principles of India’s foreign policy and discuss the origin and significance of the Non-Aligned Movement.,,,,,,,,,,,,
149,3,3.4,C,10,K2,CO2,ESSAY,Discuss the achievements of the Nehru Era in the fields of economic planning and nation-building.,,,,,,,,,,,,
150,3,3.5,C,10,K5,CO5,ESSAY,"Analyse the development of parliamentary democracy and the process of nation-building during the Nehruvian era (1947–1964), with suitable historical examples.
Unit 4",,,,,,,,,,,,
151,4,4.1,A,1,K1,CO1,MCQ,What was the famous slogan given by Lal Bahadur Shastri?,Jai Hind,Vande Mataram,Jai Jawan Jai Kisan,Garibi Hatao,C,,,,,,,
152,4,4.1,A,1,K1,CO1,MCQ,Who succeeded Jawaharlal Nehru as Prime Minister of India in 1964?,Morarji Desai,Lal Bahadur Shastri,Indira Gandhi,Gulzarilal Nanda,B,,,,,,,
153,4,4.2,A,1,K1,CO1,MCQ,Who became the Prime Minister of India after Lal Bahadur Shastri?,Morarji Desai,Indira Gandhi,Jagjivan Ram,Charan Singh,B,,,,,,,
154,4,4.3,A,1,K1,CO1,MCQ,Which agreement was signed after the Indo-Pakistan War of 1965?,Simla Agreement,Tashkent Agreement,Lahore Declaration,Delhi Pact,B,,,,,,,
155,4,4.4,A,1,K1,CO1,MCQ,Which slogan was associated with Indira Gandhi during the 1971 elections?,Jai Hind,Garibi Hatao,Sampoorna Kranti,Jai Jawan Jai Kisan,B,,,,,,,
156,4,4.5,A,1,K1,CO1,MCQ,In which year was the National Emergency declared in India?,1973,1974,1975,1976,C,,,,,,,
157,4,4.1,A,1,K1,CO1,MATCH,"Match the following events in column A with their years in column B and choose the correct panel:
Column A                                                           Column B
1. Indo-Pak War I                                                A. 1975
2. Bank Nationalisation                                       B. 1971
3. Indo-Pak War II                                               C. 1969
4. Emergency                                                        D. 1965
E. 1984","1A, 2B, 3C, 4D","1C, 2D, 3A, 4B","1B, 2E, 3D, 4C","1D, 2E, 3B, 4A",D,,,,,with their years in,"and choose the correct panel:
Column A                                                           Column B
1. Indo-Pak War I                                                A. 1975
2. Bank Nationalisation                                       B. 1971
3. Indo-Pak War II                                               C. 1969
4. Emergency                                                        D. 1965
E. 1984","A: 1A, 2B, 3C, 4D | B: 1C, 2D, 3A, 4B | C: 1B, 2E, 3D, 4C | D: 1D, 2E, 3B, 4A"
158,4,4.4,A,1,K1,CO1,MATCH,"Match the following aamendment in column A with their respective events in column B and choose the correct panel:
Column A                                                       Column B
1. 42nd Amendment                                         A. Total Revolution
2. 44th Amendment                                         B. Mini Constitution
3. J.P. Movement                                            C. Restoration of Democratic Rights
4. Operation Blue Star                                     D. Assam Accord
E. Golden Temple","1C, 2B, 3D, 4A","1B, 2C, 3A, 4E","1A, 2D, 3B, 4C","1D, 2A, 3C, 4E",B,,,,,with their respective events in,"and choose the correct panel:
Column A                                                       Column B
1. 42nd Amendment                                         A. Total Revolution
2. 44th Amendment                                         B. Mini Constitution
3. J.P. Movement                                            C. Restoration of Democratic Rights
4. Operation Blue Star                                     D. Assam Accord
E. Golden Temple","A: 1C, 2B, 3D, 4A | B: 1B, 2C, 3A, 4E | C: 1A, 2D, 3B, 4C | D: 1D, 2A, 3C, 4E"
159,4,4.1,A,1,K2,CO2,MCQ,Why is Lal Bahadur Shastri remembered in Indian history?,He led India during the 1965 Indo-Pak War,He drafted the Constitution,He founded the Congress,He introduced Panchsheel,A,,,,,,,
160,4,4.2,A,1,K2,CO2,MCQ,Why did Indira Gandhi nationalize major banks in 1969?,To expand credit for development,To reduce economic planning,To abolish public banking,To increase foreign control,A,,,,,,,
161,4,4.3,A,1,K2,CO2,MCQ,How did the 1971 Indo-Pakistan War change South Asia?,It ended parliamentary democracy,It united India and Pakistan,It led to the creation of Bangladesh,It abolished state governments,C,,,,,,,
162,4,4.4,A,1,K2,CO2,MCQ,Why did Jayaprakash Narayan launch the J.P. Movement?,To demand political and social reforms,To support Emergency rule,To promote colonial policies,To oppose elections,A,,,,,,,
163,4,4.5,A,1,K2,CO2,MCQ,How did Indira Gandhi's second term influence the functioning of the central government?,It restored political stability at the national,It ended parliamentary democracy,It weakened the Union government,It abolished federalism,A,,,,,,,
164,4,4.5,A,1,K2,CO2,MCQ,How did separatist movements challenge national integration in India?,By strengthening central authority,By promoting national unity,By creating demands for  regional autonomy,By eliminating regional identities,C,,,,,,,
165,4,4.2,A,1,K2,CO2,ASSERTION_REASON,Assertion: The Indo-Pakistan War of 1965 took place during Lal Bahadur Shastri's tenure. | Reason: Shastri was the Prime Minister of India from 1964 to 1966.,Assertion and reason are true statements and the reason is an adequate explanation for assertion.,Both assertion and reason are true statements and the reason is not an adequate explanation for assertion.,Assertion is a true statement and reason is a false statement.,Both assertion and reason are false statements.,A,,,The Indo-Pakistan War of 1965 took place during Lal Bahadur Shastri's tenure.,Shastri was the Prime Minister of India from 1964 to 1966.,,,
166,4,4.5,A,1,K2,CO2,ASSERTION_REASON,Assertion: Jayaprakash Narayan led the J.P. Movement. | Reason: The movement advocated Total Revolution.,Assertion and reason are true statements and the reason is an adequate explanation for assertion.,Both assertion and reason are true statements and the reason is not an adequate explanation for assertion.,Assertion is a true statement and reason is a false statement.,Both assertion and reason are false statements.,,,,Jayaprakash Narayan led the J.P. Movement.,The movement advocated Total Revolution.,,,
167,4,4.1,A,1,K3,CO3,MCQ,"If you were advising the Indian government during the 1965 Indo-Pakistan War, which response would you apply to strengthen national unity?",Promote public support for national security,Encourage internal conflicts,Suspend administration permanently,Ignore defence needs,A,,,,,,,
168,4,4.2,A,1,K3,CO3,MCQ,"As a policymaker implementing bank nationalisation, which outcome would you expect from the policy’s objective of expanding economic opportunities?",Elimination of economic planning,Increased access to banking services,Closure of rural banks,Reduction of credit facilities,B,,,,,,,
169,4,4.3,A,1,K3,CO3,MCQ,"If you were participating in the J.P. Movement, which democratic method would you apply to achieve political reforms?",One-party rule,Military intervention,Suspension of elections,Public participation and protest,D,,,,,,,
170,4,4.5,A,1,K3,CO3,MCQ,"As a policymaker addressing separatist movements, which response would you apply to strengthen national integration?",Dialogue and constitutional solutions,Ignore regional concerns completely,Encourage secession,Suspend all state administrations,A,,,,,,,
171,4,4.1,A,2,K1,CO1,VSA,Whose tenure was the Indo-Pakistan War of 1965 fought?,,,,,,,,,,,,
172,4,4.2,A,2,K1,CO1,VSA,"In which year were major banks nationalised in India?
What caused the split in the Congress Party in 1969?",,,,,,,,,,,,
173,4,4.3,A,2,K1,CO1,VSA,In which year was the second Indo-Pakistan War fought under Indira Gandhi?,,,,,,,,,,,,
174,4,4.4,A,2,K1,CO1,VSA,Why is the 42nd Amendment called the “Mini Constitution”?,,,,,,,,,,,,
175,4,4.4,A,2,K1,CO1,VSA,Who led the J.P. Movement?,,,,,,,,,,,,
176,4,4.5,A,2,K1,CO1,VSA,Who became the Prime Minister after the Janata Party's victory in 1977?,,,,,,,,,,,,
177,4,4.5,A,2,K1,CO1,VSA,In which year was the Assam Accord signed?,,,,,,,,,,,,
178,4,4.1,A,2,K3,CO3,VSA,Lal Bahadur Shastri inspired citizens during difficult times. Recommend one leadership quality necessary during national emergencies.,,,,,,,,,,,,
179,4,4.2,A,2,K3,CO3,VSA,The Congress split reflected internal political disagreements. Propose one democratic method for resolving conflicts within political parties.,,,,,,,,,,,,
180,4,4.3,A,2,K4,CO4,VSA,The creation of Bangladesh altered South Asian politics. Assess one diplomatic strategy that can promote regional stability today.,,,,,,,,,,,,
181,4,4.4,A,2,K3,CO3,VSA,"The 44th Amendment sought to restore democratic rights. Based on this experience, propose one measure to prevent the misuse of governmental power.",,,,,,,,,,,,
182,4,4.5,A,2,K3,CO3,VSA,"Separatist movements in Assam, Nagaland, and Punjab challenged national unity. Suggest one approach for addressing regional grievances within a federal system.",,,,,,,,,,,,
183,4,4.5,A,2,K3,CO3,VSA,Operation Blue Star highlighted the complexities of internal security issues. Recommend one strategy that balances security needs with democratic values.,,,,,,,,,,,,
184,4,4.1,A,2,K4,CO4,VSA,"Analyze a role of effective leadership in managing national crises, with reference to the Indo-Pakistan War of 1965.",,,,,,,,,,,,
185,4,4.2,A,2,K4,CO4,VSA,Analyse the role of bank nationalisation in economic development and write two benefits.,,,,,,,,,,,,
186,4,4.4,A,2,K4,CO4,VSA,Analyse the significance of the 44th Amendment and write two safeguards for democracy.,,,,,,,,,,,,
187,4,4.5,A,2,K4,CO4,VSA,Analyse the role of the J.P. Movement in strengthening democracy and write two contributions.,,,,,,,,,,,,
188,4,4.1,B,5,K2,CO2,PARAGRAPH,Examine the leadership of Lal Bahadur Shastri and discuss the significance of the Indo-Pakistan War of 1965.,,,,,,,,,,,,
189,4,4.2,B,5,K2,CO2,PARAGRAPH,Examine the causes and consequences of the split in the Congress Party in 1969.,,,,,,,,,,,,
190,4,4.3,B,5,K3,CO3,PARAGRAPH,"Using lessons from the Indo-Pakistan War of 1971, propose diplomatic strategies for promoting peace and stability among neighbouring countries.",,,,,,,,,,,,
191,4,4.4,B,5,K3,CO3,PARAGRAPH,"Drawing on the experience of the Emergency and the subsequent constitutional reforms, recommend safeguards to protect democratic rights and prevent the misuse of power.",,,,,,,,,,,,
192,4,4.5,B,5,K3,CO3,PARAGRAPH,"Drawing on the experiences of separatist movements in Assam, Nagaland, and Punjab, propose approaches for addressing regional grievances while preserving national integration.",,,,,,,,,,,,
193,4,4.2,B,5,K4,CO4,PARAGRAPH,Assess the causes and consequences of the Congress split of 1969 and its impact on Indian party politics.,,,,,,,,,,,,
194,4,4.4,B,5,K4,CO4,PARAGRAPH,Analyze how the 42nd and 44th Amendments influenced the functioning of Indian democracy.,,,,,,,,,,,,
195,4,4.5,B,5,K4,CO4,PARAGRAPH,Critically analyze the causes of separatist movements in Punjab and the significance of Operation Blue Star in addressing internal security challenges.,,,,,,,,,,,,
196,4,4.1,C,10,K2,CO2,ESSAY,Discuss the causes and consequences of the Indo-Pakistan War of 1965.,,,,,,,,,,,,
197,4,4.2,C,10,K2,CO2,ESSAY,Discuss the process of bank nationalisation and  its significance in India's economic development.,,,,,,,,,,,,
198,4,4.3,C,10,K2,CO2,ESSAY,"Discuss the causes, course, and consequences of the Indo-Pakistan War of 1971 and the emergence of Bangladesh.",,,,,,,,,,,,
199,4,4.4,C,10,K2,CO2,ESSAY,Examine the circumstances leading to the Emergency and its impacts.,,,,,,,,,,,,
200,4,4.5,C,10,K5,CO5,ESSAY,"Critically evaluate the causes of separatist movements in Assam, Nagaland, and Punjab and evaluate the effectiveness of government responses, including Operation Blue Star.
Unit 5",,,,,,,,,,,,
201,5,5.1,A,1,K1,CO1,MCQ,What was the primary objective of land reforms in post-independence India?,Promotion of foreign trade,Equitable distribution of land,Development of industries,Expansion of exports,B,,,,,,,
202,5,5.2,A,1,K1,CO1,MCQ,Which system was abolished through land reform measures after Independence?,Ryotwari System,Mahalwari System,Zamindari System,Jagirdari System,C,,,,,,,
203,5,5.3,A,1,K1,CO1,MCQ,Who started the Bhoodan Movement in India?,Mahatma Gandhi,Vinoba Bhave,Jayaprakash Narayan,Acharya Narendra Dev,B,,,,,,,
204,5,5.4,A,1,K1,CO1,MCQ,Who is popularly known as the “Father of the Green Revolution in India”?,Verghese Kurien,M. S. Swaminathan,C. Subramaniam,Norman Borlaug,B,,,,,,,
205,5,5.4,A,1,K1,CO1,MCQ,Which of the following was an important component of the Green Revolution?,High-Yielding Variety seeds,Cottage industries,Handicrafts,Land revenue collection,A,,,,,,,
206,5,5.5,A,1,K1,CO1,MCQ,Agrarian struggles are mainly related to which of the following issues?,Industrial production and trade,"Land rights, tenancy, and agricultural",Foreign policy and diplomacy,Urban infrastructure development,B,,,,,,,
207,5,5.1,A,1,K1,CO1,MATCH,"Match the following persons in column A with their contributions in column B and choose the correct panel:
Column A                                                                             Column B
1. Vinoba Bhave                                                          A. White Revolution
2. M.S. Swaminathan                                                  B. Bhoodan Movement
3. Verghese Kurien                                                    C. Green Revolution
4. Charan Singh                                                           D. Farmers' Leader
E. Land Ceiling","1C, 2D, 3A, 4E","1A, 2B, 3C, 4D","1D, 2A, 3E, 4C","1B, 2C, 3A, 4D",D,,,,,with their contributions in,"and choose the correct panel:
Column A                                                                             Column B
1. Vinoba Bhave                                                          A. White Revolution
2. M.S. Swaminathan                                                  B. Bhoodan Movement
3. Verghese Kurien                                                    C. Green Revolution
4. Charan Singh                                                           D. Farmers' Leader
E. Land Ceiling","A: 1C, 2D, 3A, 4E | B: 1A, 2B, 3C, 4D | C: 1D, 2A, 3E, 4C | D: 1B, 2C, 3A, 4D"
208,5,5.5,A,1,K1,CO1,MATCH,"Match the following concepts in column A with their descriptions in column B and choose the correct panel:
Column A                                                                             Column B
1. Zamindari Abolition                                          A. Voluntary Land Donation
2. Tenancy Reforms                                              B. Protection of Tenants
3. Bhoodan Movement                                          C. Removal of Intermediaries
4. Green Revolution                                               D. HYV Seeds
E. Cooperative Farming","1A, 2C, 3D, 4B","1C, 2B, 3A, 4D","1D, 2E, 3B, 4C","1B, 2D, 3E, 4C",B,,,,,with their descriptions in,"and choose the correct panel:
Column A                                                                             Column B
1. Zamindari Abolition                                          A. Voluntary Land Donation
2. Tenancy Reforms                                              B. Protection of Tenants
3. Bhoodan Movement                                          C. Removal of Intermediaries
4. Green Revolution                                               D. HYV Seeds
E. Cooperative Farming","A: 1A, 2C, 3D, 4B | B: 1C, 2B, 3A, 4D | C: 1D, 2E, 3B, 4C | D: 1B, 2D, 3E, 4C"
209,5,5.1,A,1,K2,CO2,MCQ,Why were land reforms introduced after Independence?,To reduce inequalities in land ownership,To increase feudal privileges,To encourage absentee landlords,To reduce agricultural production,A,,,,,,,
210,5,5.2,A,1,K2,CO2,MCQ,Why were Zamindari Abolition Acts introduced after Independence?,To remove intermediary landlords,To expand urban settlements,To promote foreign investment,To strengthen princely authority,A,,,,,,,
211,5,5.2,A,1,K2,CO2,MCQ,How did tenancy reforms help cultivators?,By increasing land revenue,By ensuring secure tenancy,By restricting cultivation rights,By reducing crop production,B,,,,,,,
212,5,5.3,A,1,K2,CO2,MCQ,How did the Bhoodan Movement address rural inequality?,Through compulsory land seizure,Through voluntary land donation,Through industrial expansion,Through urban resettlement,B,,,,,,,
213,5,5.4,A,1,K2,CO2,MCQ,How did the Green Revolution increase production?,Through modern technology,Through traditional methods,Through reduced irrigation,Through lower investment,A,,,,,,,
214,5,5.5,A,1,K2,CO2,MCQ,Why did agrarian struggles emerge after Independence?,Due to rural inequalities,Due to foreign invasions,Due to urban expansion,Due to industrial decline,A,,,,,,,
215,5,5.2,A,1,K2,CO2,ASSERTION_REASON,Assertion: Zamindari Abolition was an important land reform measure in independent India. | Reason: It aimed to remove intermediaries between the government and cultivators.,Assertion and reason are true statements and the reason is an adequate explanation for assertion.,Both assertion and reason are true statements and the reason is not an adequate explanation for assertion.,Assertion is a true statement and reason is a false statement.,Both assertion and reason are false statements.,A,,,Zamindari Abolition was an important land reform measure in independent India.,It aimed to remove intermediaries between the government and cultivators.,,,
216,5,5.3,A,1,K2,CO2,ASSERTION_REASON,Assertion: Vinoba Bhave launched the Bhoodan Movement. | Reason: The movement encouraged voluntary donation of land to the landless.,Assertion and reason are true statements and the reason is an adequate explanation for assertion.,Both assertion and reason are true statements and the reason is not an adequate explanation for assertion.,Assertion is a true statement and reason is a false statement.,Both assertion and reason are false statements.,A,,,Vinoba Bhave launched the Bhoodan Movement.,The movement encouraged voluntary donation of land to the landless.,,,
217,5,5.1,A,1,K3,CO3,MCQ,"If you were a policymaker implementing land reforms to reduce rural inequality, which measure would you apply?",Redistribute surplus land to the landless,Increase landlord privileges,Restrict tenant rights,Expand feudal ownership,A,,,,,,,
218,5,5.3,A,1,K3,CO3,MCQ,"2 As a participant in the Bhoodan Movement, which method would you apply to promote voluntary land redistribution?",Promote land concentration,Encourage landowners to donate land,Abolish rural welfare programmes,Restrict access to farmland,B,,,,,,,
219,5,5.4,A,1,K3,CO3,MCQ,"If you were organising a rural cooperative society, which practice would you apply to promote cooperative principles?",Exclusive private control,Collective ownership and mutual assistance,Elimination of credit facilities,Reduction of community participation,B,,,,,,,
220,5,5.5,A,1,K3,CO3,MCQ,"As a policymaker responding to agrarian struggles, which reform would you apply to address the concerns of peasants and labourers?",Improve access to land and fair wages,Reduce legal protections for workers,Increase rural inequalities,Limit agricultural opportunities,A,,,,,,,
221,5,5.1,A,2,K1,CO1,VSA,What was the main objective of Zamindari Abolition?,,,,,,,,,,,,
222,5,5.1,A,2,K1,CO1,VSA,What are Tenancy Reforms?,,,,,,,,,,,,
223,5,5.2,A,2,K1,CO1,VSA,What is meant by Land Ceiling?,,,,,,,,,,,,
224,5,5.3,A,2,K1,CO1,VSA,Who started the Bhoodan Movement?,,,,,,,,,,,,
225,5,5.3,A,2,K1,CO1,VSA,What was the main objective of the Bhoodan Movement?,,,,,,,,,,,,
226,5,5.4,A,2,K1,CO1,VSA,Mention any one benefit of the cooperative movement.,,,,,,,,,,,,
227,5,5.5,A,2,K1,CO1,VSA,What are agrarian struggles?,,,,,,,,,,,,
228,5,5.5,A,2,K1,CO1,VSA,Name any one agrarian movement in post-independence India.,,,,,,,,,,,,
229,5,5.1,A,2,K3,CO3,VSA,Cooperative societies were established to improve rural livelihoods. Suggest one method through which cooperatives can support local communities today.,,,,,,,,,,,,
230,5,5.2,A,2,K3,CO3,VSA,"Zamindari abolition sought to empower cultivators. Based on this objective, propose one measure to strengthen the position of small farmers.",,,,,,,,,,,,
231,5,5.3,A,2,K3,CO3,VSA,The Bhoodan Movement encouraged voluntary land redistribution. Suggest one community-based approach that can address social inequalities today.,,,,,,,,,,,,
232,5,5.4,A,2,K3,CO3,VSA,The Green Revolution increased agricultural productivity. Suggest one strategy for achieving sustainable agricultural growth today.,,,,,,,,,,,,
233,5,5.5,A,2,K3,CO3,VSA,Agrarian struggles highlighted the concerns of rural communities. Suggest one policy that can improve the welfare of agricultural labourers today.,,,,,,,,,,,,
234,5,5.5,A,2,K3,CO3,VSA,"Peasant movements demanded social and economic justice. Based on these struggles, identify one principle that should guide rural development policies.",,,,,,,,,,,,
235,5,5.1,A,2,K4,CO4,VSA,Analyse the role of land reforms in promoting social and economic justice in rural India and write two ways in which they helped to reduce rural inequalities.,,,,,,,,,,,,
236,5,5.3,A,2,K4,CO4,VSA,Analyse the significance of the Bhoodan Movement in addressing rural inequalities and write two ways in which it promoted voluntary land redistribution.,,,,,,,,,,,,
237,5,5.4,A,2,K4,CO4,VSA,Analyse the impact of the Green Revolution on Indian agriculture and write two major changes it brought to agricultural development.,,,,,,,,,,,,
238,5,5.5,A,2,K4,CO4,VSA,Analyse the significance of agrarian struggles in India and write two ways in which they influenced government policies concerning peasants.,,,,,,,,,,,,
239,5,5.1,B,5,K2,CO2,PARAGRAPH,Discuss the objectives of Zamindari Abolition and Tenancy Reforms and their impact on rural society.,,,,,,,,,,,,
240,5,5.3,B,5,K2,CO2,PARAGRAPH,Discuss the growth of cooperative institutions and their role in rural economic development.,,,,,,,,,,,,
241,5,5.2,B,5,K3,CO3,PARAGRAPH,"Drawing on the principles of the Land Ceiling Act and the Bhoodan Movement, suggest your strategies for reducing rural inequality and promoting social justice in contemporary India.",,,,,,,,,,,,
242,5,5.4,B,5,K3,CO3,PARAGRAPH,"Drawing lessons from the Green Revolution, propose few plans for increasing agricultural productivity while ensuring environmental sustainability.",,,,,,,,,,,,
243,5,5.5,B,5,K3,CO3,PARAGRAPH,"Using the experiences of agrarian struggles between 1947 and 1984, suggest policy measures that can address the challenges faced by farmers and agricultural labourers today.",,,,,,,,,,,,
244,5,5.2,B,5,K4,CO4,PARAGRAPH,Critically analyze the effectiveness of Zamindari Abolition and Tenancy Reforms in transforming agrarian relations in post-independence India.,,,,,,,,,,,,
245,5,5.4,B,5,K4,CO4,PARAGRAPH,Analyse the role of cooperative institutions in rural development and  their contribution to economic empowerment.,,,,,,,,,,,,
246,5,5.5,B,5,K4,CO4,PARAGRAPH,Critically analyze the nature of agrarian struggles between 1947 and 1984 and  their influence on agrarian policies and rural transformation in India.,,,,,,,,,,,,
247,5,5.1,C,10,K2,CO2,ESSAY,"Explain the objectives, major agrarian struggles, and their impact on agrarian relations in India, with suitable examples.",,,,,,,,,,,,
248,5,5.2,C,10,K2,CO2,ESSAY,Discuss the origin and objectives of the Bhoodan Movement and its contribution to rural development.,,,,,,,,,,,,
249,5,5.3,C,10,K2,CO2,ESSAY,Examine the growth of cooperative institutions and their role in rural economic development.,,,,,,,,,,,,
250,5,5.4,C,10,K2,CO2,ESSAY,"Discuss the objectives, features, and impact of the Green Revolution on Indian agriculture.",,,,,,,,,,,,
251,5,5.5,C,10,K5,CO5,ESSAY,Evaluate the nature of agrarian struggles between 1947 and 1984 and evaluate their influence on agricultural policies and rural transformation.,,,,,,,,,,,,
