question_no,section,question_type,unit,sub_unit,k_level,co_code,marks,question_text,option_a,option_b,option_c,option_d,correct_answer,answer_text,assertion,reason,match_left,match_right,passage_text,sub_questions,either_or_group,compulsory,language,source_ref,notes
1,Section A,MCQ,1,1.1,K1,CO1,1,Which of the following data structures follows the Last-In-First-Out (LIFO) principle?,Queue,Stack,Linked List,Binary Tree,B,Stack operates strictly on Last-In-First-Out (LIFO) ordering.,,,,,,,,Yes,en,Data Structures by Cormen,Basic recall MCQ
2,Section A,MATCH,1,1.1,K2,CO1,1,Match the fundamental data structures in Column A with their primary operational properties in Column B:,"(1)-(c), (2)-(a), (3)-(b), (4)-(d)","(1)-(a), (2)-(c), (3)-(b), (4)-(d)","(1)-(b), (2)-(a), (3)-(d), (4)-(c)","(1)-(c), (2)-(d), (3)-(a), (4)-(b)",A,"1-c (Stack/LIFO), 2-a (Queue/FIFO), 3-b (Binary Tree/Hierarchical), 4-d (Graph/Non-linear network)",,,"1. Stack
2. Queue
3. Binary Tree
4. Graph","a. First-In-First-Out (FIFO) discipline
b. Hierarchical node relationships
c. Last-In-First-Out (LIFO) discipline
d. Network of vertices and arbitrary edges",,,,Yes,en,Data Structures & Algorithms,Multi-item matching
3,Section A,ASSERTION_REASON,1,1.2,K2,CO1,1,Read the assertion and reason statements carefully and select the correct option:,"Both Assertion (A) and Reason (R) are true, and R is the correct explanation of A.","Both Assertion (A) and Reason (R) are true, but R is NOT the correct explanation of A.","Assertion (A) is true, but Reason (R) is false.",Both Assertion (A) and Reason (R) are false.,A,Binary search requires sorted array elements to perform divide-and-conquer splitting.,Assertion (A): Binary search can only be performed on a sorted collection of elements.,Reason (R): Binary search eliminates half of the search space at each comparison based on element ordering.,,,,,,Yes,en,Algorithm Design Manual,Assertion-Reason pairing
4,Section A,FILL_BLANK,1,1.2,K1,CO1,1,The time complexity to access any element in an array using an index offset is ________.,,,,,O(1),O(1) constant time due to direct pointer arithmetic.,,,,,,,,Yes,en,Algorithm Analysis,Fill in the blank
5,Section A,VSA,1,1.2,K1,CO1,2,Define time complexity of an algorithm and state the Big-O asymptotic notation for linear search.,,,,,Time complexity measures execution growth rate; linear search is O(n).,Time complexity quantifies the amount of running time required by an algorithm as a function of the length of the input (n). The worst-case time complexity of linear search is O(n).,,,,,,,,Yes,en,Introduction to Algorithms,Very Short Answer
6,Section B,PARAGRAPH,2,2.1,K2,CO2,5,Explain the memory representation of single and multi-dimensional row-major arrays with address calculation formulas.,,,,,Base address computation formula: Loc(A[i][j]) = Base + w * [ (i - LB1) * N2 + (j - LB2) ],"1. Single-dimensional array: Loc(A[i]) = Base(A) + w * (i - LB).
2. 2D Row-Major formula: Loc(A[i][j]) = Base(A) + w * [ (i - LB1) * C + (j - LB2) ], where w is element size and C is column count.
3. Memory layout diagram with illustrative numerical example.",,,,,,,,No,en,Data Structures with C,Paragraph / Short Answer
7,Section B,EITHER_OR,2,2.2,K3,CO2,5,"(a) Describe the array implementation of Circular Queue with wrap-around boundary condition algorithms.
OR
(b) Explain the algorithm to convert an Infix expression into Postfix using a stack with an illustrative dry-run table.",,,,,Circular Queue front/rear modulo logic OR Infix to Postfix Shunting-yard algorithm.,"Circular queue front/rear calculation: rear = (rear + 1) % MAX, (front + 1) % MAX OR Infix to Postfix stack precedence tables with sample string A + B * C.",,,,,,,Q07_CHOICE,No,en,Algorithm Practice,Either/Or internal choice
8,Section C,PASSAGE,3,3.1,K4,CO3,8,Read the system architectural scenario below and answer the analytical questions that follow:,,,,,"Analytical solutions addressing tree balancing, height bounds, and indexing optimization.","1. Skewed insertion causes BST degenerate worst-case complexity O(n).
2. AVL strict balance factor BF = Height(Left) - Height(Right) in {-1, 0, 1} guarantees max height 1.44 log2(n).
3. Re-balancing via LL/RR/LR/RL rotations restores logarithmic performance.",,,,,"«In a mission-critical financial trading engine, an unbalanced binary search tree was initially deployed to index ascending stock ticker prices. Over time, strictly sequential timestamp insertions caused the search tree to degenerate into a linear chain, spiking transaction query latency from 12 microseconds to over 4 milliseconds during peak market opening hours. The engineering team initiated an architectural migration to self-balancing height-balanced AVL Trees and Red-Black Trees.»","1. Explain why sequential data insertions cause a standard Binary Search Tree to degrade into a singly-linked list.
2. Formulate the mathematical definition of the Balance Factor in an AVL Tree.
3. Evaluate the trade-offs between AVL Trees and Red-Black Trees in terms of lookup frequency versus insertion/deletion frequency.",,No,en,High-Performance Computing Systems,Case passage question
9,Section D,ESSAY,4,4.1,K5,CO4,10,"Elaborate on AVL Tree re-balancing rotations (LL, RR, LR, RL) with balance factor criteria and construct a step-by-step balanced AVL tree for the insertion sequence: 15, 20, 24, 10, 13, 7, 30, 36, 25.",,,,,Complete step-by-step AVL insertion with balance factors and rotation diagrams.,"1. Balance Factor theorem BF = h_L - h_R ∈ {-1, 0, 1}.
2. Detailed Single Rotations (LL, RR) and Double Rotations (LR, RL) with sub-tree pointer shifts.
3. Insertion of each element with intermediate tree diagrams, identified pivot nodes, applied rotations, and final height-balanced AVL tree.",,,,,,,,No,en,Advanced Data Structures & Algorithms,Comprehensive Essay
